name-1,smiles-1,name-2,smiles-2,fold_01_model_file,fold_01_pred_id,fold_01_pred_label,fold_01_score,fold_01_proba_synergistic,fold_02_model_file,fold_02_pred_id,fold_02_pred_label,fold_02_score,fold_02_proba_synergistic,fold_03_model_file,fold_03_pred_id,fold_03_pred_label,fold_03_score,fold_03_proba_synergistic,fold_04_model_file,fold_04_pred_id,fold_04_pred_label,fold_04_score,fold_04_proba_synergistic,fold_05_model_file,fold_05_pred_id,fold_05_pred_label,fold_05_score,fold_05_proba_synergistic,fold_06_model_file,fold_06_pred_id,fold_06_pred_label,fold_06_score,fold_06_proba_synergistic,fold_07_model_file,fold_07_pred_id,fold_07_pred_label,fold_07_score,fold_07_proba_synergistic,fold_08_model_file,fold_08_pred_id,fold_08_pred_label,fold_08_score,fold_08_proba_synergistic,fold_09_model_file,fold_09_pred_id,fold_09_pred_label,fold_09_score,fold_09_proba_synergistic,fold_10_model_file,fold_10_pred_id,fold_10_pred_label,fold_10_score,fold_10_proba_synergistic,pred_id,pred_label,proba_antagonistic,proba_harmful,proba_others,proba_synergistic,score,score_sd,proba_synergistic_sd,n_models
sn38,CCC1=C2CN3C(=CC4=C(C3=O)COC(=O)[C@@]4(CC)O)C2=NC5=C1C=C(C=C5)O,Allicin,C=CCSS(=O)CC=C,fold_01_model.joblib,3,synergistic,0.5949047803878784,0.5949047803878784,fold_02_model.joblib,3,synergistic,0.7509077191352844,0.7509077191352844,fold_03_model.joblib,3,synergistic,0.4500837028026581,0.4500837028026581,fold_04_model.joblib,3,synergistic,0.7672937512397766,0.7672937512397766,fold_05_model.joblib,3,synergistic,0.6091943383216858,0.6091943383216858,fold_06_model.joblib,3,synergistic,0.5044606328010559,0.5044606328010559,fold_07_model.joblib,3,synergistic,0.5543199777603149,0.5543199777603149,fold_08_model.joblib,3,synergistic,0.5600669384002686,0.5600669384002686,fold_09_model.joblib,3,synergistic,0.6404922604560852,0.6404922604560852,fold_10_model.joblib,3,synergistic,0.5247642993927002,0.5247642993927002,3,synergistic,0.15209582075476646,0.13790925927460193,0.11434607058763505,0.5956488400697708,0.5956488400697708,0.10179801601677946,0.10179801601677946,10
sn38,CCC1=C2CN3C(=CC4=C(C3=O)COC(=O)[C@@]4(CC)O)C2=NC5=C1C=C(C=C5)O,Apigenin,C1=CC(=CC=C1C2=CC(=O)C3=C(C=C(C=C3O2)O)O)O,fold_01_model.joblib,2,others,0.8746533393859863,0.007510798517614603,fold_02_model.joblib,2,others,0.9215450286865234,0.015874730423092842,fold_03_model.joblib,2,others,0.9256789088249207,0.003907357342541218,fold_04_model.joblib,2,others,0.9286076426506042,0.006193982902914286,fold_05_model.joblib,2,others,0.9216880202293396,0.014162149280309677,fold_06_model.joblib,2,others,0.898158848285675,0.023334922268986702,fold_07_model.joblib,2,others,0.8714146018028259,0.019634287804365158,fold_08_model.joblib,2,others,0.9540722966194153,0.0021132586989551783,fold_09_model.joblib,2,others,0.8800902962684631,0.01160050742328167,fold_10_model.joblib,2,others,0.8975695967674255,0.018017619848251343,2,others,0.03501497581601143,0.04540218934416771,0.9073478579521179,0.012234961451031267,0.9073478579521179,0.027206078472050366,0.007144320166897604,10
sn38,CCC1=C2CN3C(=CC4=C(C3=O)COC(=O)[C@@]4(CC)O)C2=NC5=C1C=C(C=C5)O,Baicalein,C1=CC=C(C=C1)C2=CC(=O)C3=C(O2)C=C(C(=C3O)O)O,fold_01_model.joblib,2,others,0.843139111995697,0.00813151616603136,fold_02_model.joblib,2,others,0.9189586043357849,0.024125946685671806,fold_03_model.joblib,2,others,0.8437694311141968,0.007259855512529612,fold_04_model.joblib,2,others,0.9324124455451965,0.004284942988306284,fold_05_model.joblib,2,others,0.8474025130271912,0.033985890448093414,fold_06_model.joblib,2,others,0.9380333423614502,0.007834005169570446,fold_07_model.joblib,2,others,0.8498152494430542,0.012494686059653759,fold_08_model.joblib,2,others,0.9343065619468689,0.005938422866165638,fold_09_model.joblib,2,others,0.7949291467666626,0.05215898156166077,fold_10_model.joblib,2,others,0.859343409538269,0.028305651620030403,2,others,0.055883293971419334,0.04945372026413679,0.8762109816074372,0.01845198990777135,0.8762109816074372,0.0502738959223405,0.015790480554036902,10
sn38,CCC1=C2CN3C(=CC4=C(C3=O)COC(=O)[C@@]4(CC)O)C2=NC5=C1C=C(C=C5)O,Baicalin,C1=CC=C(C=C1)C2=CC(=O)C3=C(C(=C(C=C3O2)O[C@H]4[C@@H]([C@H]([C@@H]([C@H](O4)C(=O)O)O)O)O)O)O,fold_01_model.joblib,2,others,0.5439884662628174,0.1729421764612198,fold_02_model.joblib,2,others,0.5595046281814575,0.23838670551776886,fold_03_model.joblib,1,harmful,0.4402540624141693,0.1486804038286209,fold_04_model.joblib,3,synergistic,0.4114762246608734,0.4114762246608734,fold_05_model.joblib,3,synergistic,0.39660587906837463,0.39660587906837463,fold_06_model.joblib,2,others,0.4846513867378235,0.35645729303359985,fold_07_model.joblib,2,others,0.3766586184501648,0.3331429958343506,fold_08_model.joblib,2,others,0.4034675657749176,0.3075626790523529,fold_09_model.joblib,3,synergistic,0.33193090558052063,0.33193090558052063,fold_10_model.joblib,2,others,0.3340076506137848,0.3215298056602478,2,others,0.13214687928557395,0.1993022806942463,0.3666793167591095,0.3018715068697929,0.3666793167591095,0.0793486831921377,0.08843599154654168,10
sn38,CCC1=C2CN3C(=CC4=C(C3=O)COC(=O)[C@@]4(CC)O)C2=NC5=C1C=C(C=C5)O,Berberine,COC1=C(C2=C[N+]3=C(C=C2C=C1)C4=CC5=C(C=C4CC3)OCO5)OC,fold_01_model.joblib,2,others,0.7656738758087158,0.06344565004110336,fold_02_model.joblib,2,others,0.8567991852760315,0.02934723161160946,fold_03_model.joblib,2,others,0.5557293891906738,0.03353951498866081,fold_04_model.joblib,2,others,0.6919441223144531,0.0955360010266304,fold_05_model.joblib,2,others,0.6548531651496887,0.05426599085330963,fold_06_model.joblib,2,others,0.8163444399833679,0.0364692397415638,fold_07_model.joblib,2,others,0.8178086280822754,0.08220843970775604,fold_08_model.joblib,2,others,0.7662089467048645,0.03559466451406479,fold_09_model.joblib,2,others,0.5933567881584167,0.07263282686471939,fold_10_model.joblib,2,others,0.6185861825942993,0.07540803402662277,2,others,0.06811490152031183,0.16030988320708275,0.7137304723262787,0.057844759337604044,0.7137304723262787,0.10526708742549286,0.023429291466921295,10
sn38,CCC1=C2CN3C(=CC4=C(C3=O)COC(=O)[C@@]4(CC)O)C2=NC5=C1C=C(C=C5)O,beta-Carotene,CC1=C(C(CCC1)(C)C)/C=C/C(=C/C=C/C(=C/C=C/C=C(/C=C/C=C(/C=C/C2=C(CCCC2(C)C)C)\C)\C)/C)/C,fold_01_model.joblib,0,antagonistic,0.5179557800292969,0.03900575637817383,fold_02_model.joblib,1,harmful,0.3914451003074646,0.06059984117746353,fold_03_model.joblib,2,others,0.6046745181083679,0.033773817121982574,fold_04_model.joblib,1,harmful,0.43515467643737793,0.11389438807964325,fold_05_model.joblib,2,others,0.6310365200042725,0.07972995191812515,fold_06_model.joblib,0,antagonistic,0.4292529225349426,0.06810084730386734,fold_07_model.joblib,0,antagonistic,0.4751543700695038,0.06117311492562294,fold_08_model.joblib,2,others,0.41702520847320557,0.08923937380313873,fold_09_model.joblib,2,others,0.6693307161331177,0.10715267062187195,fold_10_model.joblib,2,others,0.5051620006561279,0.059934407472610474,2,others,0.32888186275959014,0.19739470519125463,0.4024630457162857,0.07126041688024998,0.4024630457162857,0.09721974271204806,0.026457841694678234,10
sn38,CCC1=C2CN3C(=CC4=C(C3=O)COC(=O)[C@@]4(CC)O)C2=NC5=C1C=C(C=C5)O,Betaine,C[N+](C)(C)CC(=O)[O-],fold_01_model.joblib,0,antagonistic,0.46409839391708374,0.020735828205943108,fold_02_model.joblib,0,antagonistic,0.7165608406066895,0.039071232080459595,fold_03_model.joblib,0,antagonistic,0.49583762884140015,0.023143066093325615,fold_04_model.joblib,0,antagonistic,0.49761962890625,0.05690189450979233,fold_05_model.joblib,0,antagonistic,0.475894033908844,0.05988512560725212,fold_06_model.joblib,0,antagonistic,0.5944045186042786,0.01733645424246788,fold_07_model.joblib,0,antagonistic,0.4744640588760376,0.04677613079547882,fold_08_model.joblib,0,antagonistic,0.5112191438674927,0.024610020220279694,fold_09_model.joblib,0,antagonistic,0.5690444707870483,0.024857044219970703,fold_10_model.joblib,0,antagonistic,0.6190164685249329,0.013979765586555004,0,antagonistic,0.5418159186840057,0.17462108358740808,0.2508333340287209,0.03272965615615249,0.5418159186840057,0.0816007399807477,0.01670464289757611,10
sn38,CCC1=C2CN3C(=CC4=C(C3=O)COC(=O)[C@@]4(CC)O)C2=NC5=C1C=C(C=C5)O,BETANIN,C1[C@H](N=C(C=C1C=CN2[C@@H](CC3=CC(=C(C=C32)O)O[C@H]4[C@@H]([C@H]([C@@H]([C@H](O4)CO)O)O)O)C(=O)O)C(=O)O)C(=O)O,fold_01_model.joblib,1,harmful,0.29372262954711914,0.18919415771961212,fold_02_model.joblib,0,antagonistic,0.3284883499145508,0.2339567095041275,fold_03_model.joblib,2,others,0.4077088236808777,0.1422293484210968,fold_04_model.joblib,0,antagonistic,0.39869433641433716,0.09779493510723114,fold_05_model.joblib,2,others,0.371079683303833,0.1982327401638031,fold_06_model.joblib,3,synergistic,0.37929946184158325,0.37929946184158325,fold_07_model.joblib,2,others,0.4219329357147217,0.13481201231479645,fold_08_model.joblib,2,others,0.49365857243537903,0.1302892416715622,fold_09_model.joblib,2,others,0.3618309199810028,0.16124697029590607,fold_10_model.joblib,3,synergistic,0.33120688796043396,0.33120688796043396,2,others,0.2465261086821556,0.2020523063838482,0.3515953361988068,0.19982624650001526,0.3515953361988068,0.056437536868496264,0.09130557635838098,10
sn38,CCC1=C2CN3C(=CC4=C(C3=O)COC(=O)[C@@]4(CC)O)C2=NC5=C1C=C(C=C5)O,Caffeic acid,C1=CC(=C(C=C1/C=C/C(=O)O)O)O,fold_01_model.joblib,2,others,0.540683388710022,0.10507652163505554,fold_02_model.joblib,2,others,0.3936831057071686,0.15148179233074188,fold_03_model.joblib,1,harmful,0.43271732330322266,0.05137372389435768,fold_04_model.joblib,2,others,0.46830034255981445,0.17039987444877625,fold_05_model.joblib,2,others,0.3524312376976013,0.20244751870632172,fold_06_model.joblib,2,others,0.4975872337818146,0.18051669001579285,fold_07_model.joblib,2,others,0.4632715582847595,0.0898827612400055,fold_08_model.joblib,2,others,0.5473767518997192,0.060946229845285416,fold_09_model.joblib,1,harmful,0.4561193585395813,0.18861961364746094,fold_10_model.joblib,2,others,0.3304760456085205,0.1235933005809784,2,others,0.1268223598599434,0.3104646489024162,0.43027920126914976,0.13243380263447763,0.43027920126914976,0.07285033713055859,0.05425593078632565,10
sn38,CCC1=C2CN3C(=CC4=C(C3=O)COC(=O)[C@@]4(CC)O)C2=NC5=C1C=C(C=C5)O,Chlorogenic acid,C1[C@H]([C@H]([C@@H](C[C@@]1(C(=O)O)O)OC(=O)/C=C/C2=CC(=C(C=C2)O)O)O)O,fold_01_model.joblib,3,synergistic,0.4626595973968506,0.4626595973968506,fold_02_model.joblib,3,synergistic,0.3708299398422241,0.3708299398422241,fold_03_model.joblib,1,harmful,0.3818325698375702,0.13962100446224213,fold_04_model.joblib,3,synergistic,0.39276963472366333,0.39276963472366333,fold_05_model.joblib,3,synergistic,0.47247156500816345,0.47247156500816345,fold_06_model.joblib,2,others,0.3359212875366211,0.2082875370979309,fold_07_model.joblib,3,synergistic,0.38880622386932373,0.38880622386932373,fold_08_model.joblib,2,others,0.5130273103713989,0.19825907051563263,fold_09_model.joblib,2,others,0.4079674184322357,0.2944379448890686,fold_10_model.joblib,1,harmful,0.37065911293029785,0.2053733468055725,3,synergistic,0.1666798084974289,0.25650538951158525,0.2634632110595703,0.3133515864610672,0.3133515864610672,0.05517917743043417,0.11990761369561088,10
sn38,CCC1=C2CN3C(=CC4=C(C3=O)COC(=O)[C@@]4(CC)O)C2=NC5=C1C=C(C=C5)O,Curcumin,COC1=C(C=CC(=C1)/C=C/C(=O)CC(=O)/C=C/C2=CC(=C(C=C2)O)OC)O,fold_01_model.joblib,2,others,0.890504002571106,0.013843260705471039,fold_02_model.joblib,2,others,0.8714936971664429,0.020886078476905823,fold_03_model.joblib,2,others,0.902292013168335,0.003575873328372836,fold_04_model.joblib,2,others,0.9143023490905762,0.011667541228234768,fold_05_model.joblib,2,others,0.9374547004699707,0.009218466468155384,fold_06_model.joblib,2,others,0.9167333841323853,0.013359332457184792,fold_07_model.joblib,2,others,0.8886848092079163,0.007266686297953129,fold_08_model.joblib,2,others,0.9431096911430359,0.0033022684510797262,fold_09_model.joblib,2,others,0.8661695718765259,0.013230363838374615,fold_10_model.joblib,2,others,0.892903208732605,0.009506087750196457,2,others,0.02805242920294404,0.05899723395705223,0.9023647427558898,0.010585595900192857,0.9023647427558898,0.025649075698100772,0.005257840176204522,10
sn38,CCC1=C2CN3C(=CC4=C(C3=O)COC(=O)[C@@]4(CC)O)C2=NC5=C1C=C(C=C5)O,EGCG,C1[C@H]([C@H](OC2=CC(=CC(=C21)O)O)C3=CC(=C(C(=C3)O)O)O)OC(=O)C4=CC(=C(C(=C4)O)O)O,fold_01_model.joblib,2,others,0.3262729346752167,0.1974504292011261,fold_02_model.joblib,2,others,0.3522396683692932,0.2668064534664154,fold_03_model.joblib,2,others,0.42216381430625916,0.08727461844682693,fold_04_model.joblib,2,others,0.4141879677772522,0.16870497167110443,fold_05_model.joblib,2,others,0.41013985872268677,0.20912185311317444,fold_06_model.joblib,2,others,0.46188268065452576,0.17464664578437805,fold_07_model.joblib,1,harmful,0.3415265679359436,0.16277667880058289,fold_08_model.joblib,2,others,0.45531946420669556,0.11102379113435745,fold_09_model.joblib,1,harmful,0.506611704826355,0.1041107028722763,fold_10_model.joblib,1,harmful,0.33442384004592896,0.17992348968982697,2,others,0.1942548304796219,0.2834853112697601,0.35607589185237887,0.1661839634180069,0.35607589185237887,0.06184736705439605,0.05410577645130629,10
sn38,CCC1=C2CN3C(=CC4=C(C3=O)COC(=O)[C@@]4(CC)O)C2=NC5=C1C=C(C=C5)O,Ellagic acid,C1=C2C3=C(C(=C1O)O)OC(=O)C4=CC(=C(C(=C43)OC2=O)O)O,fold_01_model.joblib,2,others,0.7505524754524231,0.11578506231307983,fold_02_model.joblib,2,others,0.8316300511360168,0.09621598571538925,fold_03_model.joblib,2,others,0.6689906120300293,0.0337103046476841,fold_04_model.joblib,2,others,0.7840308547019958,0.0846727266907692,fold_05_model.joblib,2,others,0.8761836886405945,0.04274079203605652,fold_06_model.joblib,2,others,0.8388805389404297,0.061002157628536224,fold_07_model.joblib,2,others,0.6767761707305908,0.08561892062425613,fold_08_model.joblib,2,others,0.9651610851287842,0.006460988894104958,fold_09_model.joblib,2,others,0.6632410883903503,0.11598415672779083,fold_10_model.joblib,2,others,0.7798126935958862,0.061914097517728806,2,others,0.03260334259830415,0.11346023194491864,0.78352592587471,0.07041051927953959,0.78352592587471,0.09834096811159897,0.03589986407189246,10
sn38,CCC1=C2CN3C(=CC4=C(C3=O)COC(=O)[C@@]4(CC)O)C2=NC5=C1C=C(C=C5)O,Emodin,CC1=CC2=C(C(=C1)O)C(=O)C3=C(C2=O)C=C(C=C3O)O,fold_01_model.joblib,0,antagonistic,0.46343758702278137,0.03361726552248001,fold_02_model.joblib,0,antagonistic,0.5970799326896667,0.031716324388980865,fold_03_model.joblib,0,antagonistic,0.49070674180984497,0.028722064569592476,fold_04_model.joblib,0,antagonistic,0.4710270166397095,0.05694260448217392,fold_05_model.joblib,0,antagonistic,0.5066723227500916,0.08074594289064407,fold_06_model.joblib,2,others,0.4299549162387848,0.06547756493091583,fold_07_model.joblib,0,antagonistic,0.677640974521637,0.022994978353381157,fold_08_model.joblib,2,others,0.4619543254375458,0.020155802369117737,fold_09_model.joblib,2,others,0.38609838485717773,0.0528431311249733,fold_10_model.joblib,0,antagonistic,0.6751489043235779,0.022952763363718987,0,antagonistic,0.5073219239711761,0.11895430311560631,0.3321069240570068,0.04161684419959784,0.5073219239711761,0.10041103196177353,0.02093724967423683,10
sn38,CCC1=C2CN3C(=CC4=C(C3=O)COC(=O)[C@@]4(CC)O)C2=NC5=C1C=C(C=C5)O,Epigallocatechin,C1[C@H]([C@H](OC2=CC(=CC(=C21)O)O)C3=CC(=C(C(=C3)O)O)O)O,fold_01_model.joblib,0,antagonistic,0.6245179176330566,0.07405486702919006,fold_02_model.joblib,2,others,0.38535812497138977,0.08472561091184616,fold_03_model.joblib,0,antagonistic,0.3905128240585327,0.05351373553276062,fold_04_model.joblib,0,antagonistic,0.42777419090270996,0.1575455218553543,fold_05_model.joblib,0,antagonistic,0.28575894236564636,0.2297377735376358,fold_06_model.joblib,0,antagonistic,0.3342399001121521,0.1131456270813942,fold_07_model.joblib,0,antagonistic,0.4147125780582428,0.09587417542934418,fold_08_model.joblib,1,harmful,0.3780480921268463,0.06505202502012253,fold_09_model.joblib,1,harmful,0.39362654089927673,0.17705440521240234,fold_10_model.joblib,0,antagonistic,0.5299916863441467,0.046043138951063156,0,antagonistic,0.38241751343011854,0.30294387191534045,0.20496393069624902,0.10967468805611133,0.38241751343011854,0.09648773112887357,0.0601246167565713,10
sn38,CCC1=C2CN3C(=CC4=C(C3=O)COC(=O)[C@@]4(CC)O)C2=NC5=C1C=C(C=C5)O,Esculetin,C1=CC(=O)OC2=CC(=C(C=C21)O)O,fold_01_model.joblib,2,others,0.3758294880390167,0.3491017520427704,fold_02_model.joblib,3,synergistic,0.3840794861316681,0.3840794861316681,fold_03_model.joblib,2,others,0.5179945826530457,0.1905878186225891,fold_04_model.joblib,2,others,0.49598175287246704,0.13666629791259766,fold_05_model.joblib,2,others,0.4922090768814087,0.2622796297073364,fold_06_model.joblib,2,others,0.4671303927898407,0.15570147335529327,fold_07_model.joblib,3,synergistic,0.4051136076450348,0.4051136076450348,fold_08_model.joblib,2,others,0.6731159687042236,0.11744946986436844,fold_09_model.joblib,2,others,0.37480029463768005,0.33012619614601135,fold_10_model.joblib,3,synergistic,0.36373913288116455,0.36373913288116455,2,others,0.11691066697239876,0.18320884108543395,0.43039602041244507,0.2694844864308834,0.43039602041244507,0.09620634025355287,0.11075800571806155,10
sn38,CCC1=C2CN3C(=CC4=C(C3=O)COC(=O)[C@@]4(CC)O)C2=NC5=C1C=C(C=C5)O,Esculin,C1=CC(=O)OC2=CC(=C(C=C21)O[C@H]3[C@@H]([C@H]([C@@H]([C@H](O3)CO)O)O)O)O,fold_01_model.joblib,3,synergistic,0.46324867010116577,0.46324867010116577,fold_02_model.joblib,3,synergistic,0.5130006074905396,0.5130006074905396,fold_03_model.joblib,3,synergistic,0.3653879165649414,0.3653879165649414,fold_04_model.joblib,3,synergistic,0.5580689907073975,0.5580689907073975,fold_05_model.joblib,3,synergistic,0.5916417241096497,0.5916417241096497,fold_06_model.joblib,3,synergistic,0.5689371228218079,0.5689371228218079,fold_07_model.joblib,3,synergistic,0.5653282999992371,0.5653282999992371,fold_08_model.joblib,3,synergistic,0.39532414078712463,0.39532414078712463,fold_09_model.joblib,3,synergistic,0.6185682415962219,0.6185682415962219,fold_10_model.joblib,3,synergistic,0.5364401340484619,0.5364401340484619,3,synergistic,0.15734981074929238,0.1616459496319294,0.16340964958071708,0.5175945848226547,0.5175945848226547,0.08411504598551993,0.08411504598551993,10
sn38,CCC1=C2CN3C(=CC4=C(C3=O)COC(=O)[C@@]4(CC)O)C2=NC5=C1C=C(C=C5)O,Eugenol,COC1=C(C=CC(=C1)CC=C)O,fold_01_model.joblib,2,others,0.6379862427711487,0.056838031858205795,fold_02_model.joblib,2,others,0.43109408020973206,0.17982864379882812,fold_03_model.joblib,2,others,0.5955451130867004,0.046196650713682175,fold_04_model.joblib,2,others,0.5528787970542908,0.11059102416038513,fold_05_model.joblib,2,others,0.6082679629325867,0.05113522708415985,fold_06_model.joblib,2,others,0.7025952339172363,0.0907289907336235,fold_07_model.joblib,2,others,0.4071897566318512,0.05832342803478241,fold_08_model.joblib,2,others,0.5651228427886963,0.032733261585235596,fold_09_model.joblib,2,others,0.4931832551956177,0.17946170270442963,fold_10_model.joblib,2,others,0.3511139452457428,0.05846909433603287,2,others,0.14832621216773986,0.23074546307325364,0.5344977229833603,0.08643060550093651,0.5344977229833603,0.11137891667588196,0.05392968683154363,10
sn38,CCC1=C2CN3C(=CC4=C(C3=O)COC(=O)[C@@]4(CC)O)C2=NC5=C1C=C(C=C5)O,Fisetin,C1=CC(=C(C=C1C2=C(C(=O)C3=C(O2)C=C(C=C3)O)O)O)O,fold_01_model.joblib,2,others,0.8435682654380798,0.011018804274499416,fold_02_model.joblib,2,others,0.8937621712684631,0.019191492348909378,fold_03_model.joblib,2,others,0.7837868928909302,0.005990876816213131,fold_04_model.joblib,2,others,0.8795835971832275,0.005918897222727537,fold_05_model.joblib,2,others,0.9198948740959167,0.013653933070600033,fold_06_model.joblib,2,others,0.8521174192428589,0.014055862091481686,fold_07_model.joblib,2,others,0.7704672813415527,0.016757160425186157,fold_08_model.joblib,2,others,0.9623420834541321,0.002468203427270055,fold_09_model.joblib,2,others,0.9004493951797485,0.016521405428647995,fold_10_model.joblib,2,others,0.8350797891616821,0.024631060659885406,2,others,0.05835823118686676,0.0645158113911748,0.8641051769256591,0.01302076957654208,0.8641051769256591,0.059469906081905284,0.00679693198434159,10
sn38,CCC1=C2CN3C(=CC4=C(C3=O)COC(=O)[C@@]4(CC)O)C2=NC5=C1C=C(C=C5)O,Formononetin,COC1=CC=C(C=C1)C2=COC3=C(C2=O)C=CC(=C3)O,fold_01_model.joblib,2,others,0.6537465453147888,0.0165043193846941,fold_02_model.joblib,2,others,0.6388988494873047,0.03071155585348606,fold_03_model.joblib,2,others,0.7911717295646667,0.0069109369069337845,fold_04_model.joblib,2,others,0.7981114387512207,0.015587018802762032,fold_05_model.joblib,2,others,0.7917765378952026,0.014552204869687557,fold_06_model.joblib,2,others,0.8150841593742371,0.017474355176091194,fold_07_model.joblib,2,others,0.8785225749015808,0.007368125021457672,fold_08_model.joblib,2,others,0.870410144329071,0.004302206914871931,fold_09_model.joblib,2,others,0.6801277995109558,0.015387593768537045,fold_10_model.joblib,2,others,0.6513205766677856,0.027067432180047035,2,others,0.08490172363817691,0.14259466007351876,0.7569170355796814,0.01558657488785684,0.7569170355796814,0.0923502970295623,0.008407914200997882,10
sn38,CCC1=C2CN3C(=CC4=C(C3=O)COC(=O)[C@@]4(CC)O)C2=NC5=C1C=C(C=C5)O,Gallic acid,C1=C(C=C(C(=C1O)O)O)C(=O)O,fold_01_model.joblib,2,others,0.43552517890930176,0.06501488387584686,fold_02_model.joblib,2,others,0.4881698489189148,0.14800187945365906,fold_03_model.joblib,2,others,0.4042493402957916,0.028642328456044197,fold_04_model.joblib,2,others,0.624602198600769,0.13150441646575928,fold_05_model.joblib,2,others,0.4728851020336151,0.2036495804786682,fold_06_model.joblib,2,others,0.6575555205345154,0.07511202991008759,fold_07_model.joblib,2,others,0.5052741765975952,0.11640788614749908,fold_08_model.joblib,2,others,0.6234898567199707,0.09274519234895706,fold_09_model.joblib,3,synergistic,0.30926084518432617,0.30926084518432617,fold_10_model.joblib,2,others,0.40979406237602234,0.06452547013759613,2,others,0.174330385774374,0.21168414130806923,0.4904990255832672,0.12348645124584437,0.4904990255832672,0.11248067999714012,0.08221211829556331,10
sn38,CCC1=C2CN3C(=CC4=C(C3=O)COC(=O)[C@@]4(CC)O)C2=NC5=C1C=C(C=C5)O,Genistein,C1=CC(=CC=C1C2=COC3=CC(=CC(=C3C2=O)O)O)O,fold_01_model.joblib,2,others,0.8977211713790894,0.009111644700169563,fold_02_model.joblib,2,others,0.9510502219200134,0.010094505734741688,fold_03_model.joblib,2,others,0.9357933402061462,0.00373002584092319,fold_04_model.joblib,2,others,0.9475106000900269,0.005394714884459972,fold_05_model.joblib,2,others,0.9295060634613037,0.014019216410815716,fold_06_model.joblib,2,others,0.9275920391082764,0.01663428172469139,fold_07_model.joblib,2,others,0.9130504131317139,0.017655014991760254,fold_08_model.joblib,2,others,0.97723788022995,0.0010982680832967162,fold_09_model.joblib,2,others,0.9234929084777832,0.009990420192480087,fold_10_model.joblib,2,others,0.9033898711204529,0.018818089738488197,2,others,0.02717125555500388,0.031539669074118135,0.9306344509124755,0.010654618230182678,0.9306344509124755,0.023796317451616887,0.0060809425599790586,10
sn38,CCC1=C2CN3C(=CC4=C(C3=O)COC(=O)[C@@]4(CC)O)C2=NC5=C1C=C(C=C5)O,glyceollin,CC1(C=CC2=C(O1)C=CC3=C2OC[C@@]4([C@H]3OC5=C4C=CC(=C5)O)O)C,fold_01_model.joblib,2,others,0.6491078734397888,0.11675851792097092,fold_02_model.joblib,2,others,0.6784425973892212,0.10854347795248032,fold_03_model.joblib,2,others,0.6004648804664612,0.07040826231241226,fold_04_model.joblib,2,others,0.6087650060653687,0.1284308284521103,fold_05_model.joblib,2,others,0.5996385216712952,0.17737697064876556,fold_06_model.joblib,2,others,0.6360982656478882,0.14079593122005463,fold_07_model.joblib,2,others,0.5966869592666626,0.18961645662784576,fold_08_model.joblib,2,others,0.69423508644104,0.04830626770853996,fold_09_model.joblib,2,others,0.4700585901737213,0.20987096428871155,fold_10_model.joblib,2,others,0.39442411065101624,0.18573328852653503,2,others,0.10286456495523452,0.166759143024683,0.5927921891212463,0.13758409656584264,0.5927921891212463,0.09277391866585386,0.05342581475541471,10
sn38,CCC1=C2CN3C(=CC4=C(C3=O)COC(=O)[C@@]4(CC)O)C2=NC5=C1C=C(C=C5)O,Glycyrrhizic acid,C[C@]12CC[C@](C[C@H]1C3=CC(=O)[C@@H]4[C@]5(CC[C@@H](C([C@@H]5CC[C@]4([C@@]3(CC2)C)C)(C)C)O[C@@H]6[C@@H]([C@H]([C@@H]([C@H](O6)C(=O)O)O)O)O[C@H]7[C@@H]([C@H]([C@@H]([C@H](O7)C(=O)O)O)O)O)C)(C)C(=O)O,fold_01_model.joblib,3,synergistic,0.9579149484634399,0.9579149484634399,fold_02_model.joblib,3,synergistic,0.9467134475708008,0.9467134475708008,fold_03_model.joblib,3,synergistic,0.9664040207862854,0.9664040207862854,fold_04_model.joblib,3,synergistic,0.9619961977005005,0.9619961977005005,fold_05_model.joblib,3,synergistic,0.9468294978141785,0.9468294978141785,fold_06_model.joblib,3,synergistic,0.9427286386489868,0.9427286386489868,fold_07_model.joblib,3,synergistic,0.9583613872528076,0.9583613872528076,fold_08_model.joblib,3,synergistic,0.9697036743164062,0.9697036743164062,fold_09_model.joblib,3,synergistic,0.9791703224182129,0.9791703224182129,fold_10_model.joblib,3,synergistic,0.9575791954994202,0.9575791954994202,3,synergistic,0.006702351779676974,0.012836912041530013,0.02172062136232853,0.9587401330471039,0.9587401330471039,0.011313578416276029,0.011313578416276029,10
sn38,CCC1=C2CN3C(=CC4=C(C3=O)COC(=O)[C@@]4(CC)O)C2=NC5=C1C=C(C=C5)O,Hesperetin,COC1=C(C=C(C=C1)[C@@H]2CC(=O)C3=C(C=C(C=C3O2)O)O)O,fold_01_model.joblib,2,others,0.726763904094696,0.06828920543193817,fold_02_model.joblib,2,others,0.6496081352233887,0.07604511827230453,fold_03_model.joblib,2,others,0.6380026936531067,0.045155707746744156,fold_04_model.joblib,2,others,0.6321574449539185,0.07854270935058594,fold_05_model.joblib,2,others,0.6289308071136475,0.09217824041843414,fold_06_model.joblib,2,others,0.5672895908355713,0.09526225179433823,fold_07_model.joblib,2,others,0.5978809595108032,0.043002430349588394,fold_08_model.joblib,2,others,0.5775638818740845,0.0459928996860981,fold_09_model.joblib,2,others,0.6363210678100586,0.03077208250761032,fold_10_model.joblib,2,others,0.39814868569374084,0.08282578736543655,2,others,0.20518747344613075,0.12373916357755661,0.6052667170763015,0.06580664329230786,0.6052667170763015,0.0851201651366681,0.022833796315103433,10
sn38,CCC1=C2CN3C(=CC4=C(C3=O)COC(=O)[C@@]4(CC)O)C2=NC5=C1C=C(C=C5)O,Hesperidin,C[C@H]1[C@@H]([C@H]([C@H]([C@@H](O1)OC[C@@H]2[C@H]([C@@H]([C@H]([C@@H](O2)OC3=CC(=C4C(=O)C[C@H](OC4=C3)C5=CC(=C(C=C5)OC)O)O)O)O)O)O)O)O,fold_01_model.joblib,2,others,0.40582549571990967,0.23038184642791748,fold_02_model.joblib,2,others,0.4641825258731842,0.1743125319480896,fold_03_model.joblib,2,others,0.6792356967926025,0.07741387188434601,fold_04_model.joblib,1,harmful,0.3262788951396942,0.13383248448371887,fold_05_model.joblib,2,others,0.5719342827796936,0.12447548657655716,fold_06_model.joblib,2,others,0.4313332438468933,0.16600081324577332,fold_07_model.joblib,2,others,0.35659536719322205,0.2725410759449005,fold_08_model.joblib,2,others,0.5165364742279053,0.1811928004026413,fold_09_model.joblib,2,others,0.3862389326095581,0.270988792181015,fold_10_model.joblib,1,harmful,0.39852604269981384,0.08599181473255157,2,others,0.15471731573343278,0.24405063539743424,0.4295188933610916,0.1717131517827511,0.4295188933610916,0.10799014409220038,0.06952220581276093,10
sn38,CCC1=C2CN3C(=CC4=C(C3=O)COC(=O)[C@@]4(CC)O)C2=NC5=C1C=C(C=C5)O,Isoliquiritigenin,C1=CC(=CC=C1/C=C/C(=O)C2=C(C=C(C=C2)O)O)O,fold_01_model.joblib,1,harmful,0.4999846816062927,0.02620523050427437,fold_02_model.joblib,2,others,0.4986668825149536,0.039365578442811966,fold_03_model.joblib,2,others,0.6110044121742249,0.0069391801953315735,fold_04_model.joblib,2,others,0.5592027902603149,0.030373651534318924,fold_05_model.joblib,2,others,0.5378949046134949,0.04251784086227417,fold_06_model.joblib,2,others,0.6479446887969971,0.043049246072769165,fold_07_model.joblib,1,harmful,0.4599698483943939,0.017962587997317314,fold_08_model.joblib,2,others,0.6402232646942139,0.005968959536403418,fold_09_model.joblib,1,harmful,0.497437983751297,0.021097758784890175,fold_10_model.joblib,2,others,0.48626166582107544,0.01624695584177971,2,others,0.11213779300451279,0.349382595717907,0.5135069042444229,0.02497269897721708,0.5135069042444229,0.06780400474909548,0.013739979312478778,10
sn38,CCC1=C2CN3C(=CC4=C(C3=O)COC(=O)[C@@]4(CC)O)C2=NC5=C1C=C(C=C5)O,Juglone,C1=CC2=C(C(=O)C=CC2=O)C(=C1)O,fold_01_model.joblib,2,others,0.4208885729312897,0.1434159278869629,fold_02_model.joblib,0,antagonistic,0.39114677906036377,0.06938990205526352,fold_03_model.joblib,2,others,0.6256385445594788,0.07454094290733337,fold_04_model.joblib,2,others,0.35425353050231934,0.05895012989640236,fold_05_model.joblib,2,others,0.40543389320373535,0.19396351277828217,fold_06_model.joblib,2,others,0.38706067204475403,0.1746823638677597,fold_07_model.joblib,2,others,0.38107532262802124,0.1193849965929985,fold_08_model.joblib,2,others,0.49558424949645996,0.03915749490261078,fold_09_model.joblib,2,others,0.36365818977355957,0.10247229784727097,fold_10_model.joblib,0,antagonistic,0.3440466523170471,0.14946700632572174,2,others,0.27586014568805695,0.20017095953226088,0.41142643988132477,0.1125424575060606,0.41142643988132477,0.08486215555974863,0.05219549428037159,10
sn38,CCC1=C2CN3C(=CC4=C(C3=O)COC(=O)[C@@]4(CC)O)C2=NC5=C1C=C(C=C5)O,Kaempferol,C1=CC(=CC=C1C2=C(C(=O)C3=C(C=C(C=C3O2)O)O)O)O,fold_01_model.joblib,2,others,0.873879075050354,0.009022609330713749,fold_02_model.joblib,2,others,0.8479337096214294,0.04693949222564697,fold_03_model.joblib,2,others,0.88233882188797,0.009023386053740978,fold_04_model.joblib,2,others,0.9124669432640076,0.006415924057364464,fold_05_model.joblib,2,others,0.9089048504829407,0.013644985854625702,fold_06_model.joblib,2,others,0.8450488448143005,0.033615801483392715,fold_07_model.joblib,2,others,0.7638569474220276,0.03220833092927933,fold_08_model.joblib,2,others,0.9558765292167664,0.00268045742996037,fold_09_model.joblib,2,others,0.9299972653388977,0.011680240742862225,fold_10_model.joblib,2,others,0.856190025806427,0.022735735401511192,2,others,0.04402097733691335,0.05953304730355739,0.8776493012905121,0.018796696350909768,0.8776493012905121,0.05420147470341177,0.014484711938700812,10
sn38,CCC1=C2CN3C(=CC4=C(C3=O)COC(=O)[C@@]4(CC)O)C2=NC5=C1C=C(C=C5)O,Lauric acid,CCCCCCCCCCCC(=O)O,fold_01_model.joblib,2,others,0.5265779495239258,0.17866851389408112,fold_02_model.joblib,2,others,0.44651198387145996,0.12548337876796722,fold_03_model.joblib,0,antagonistic,0.4034517705440521,0.027613945305347443,fold_04_model.joblib,1,harmful,0.4632711410522461,0.06482969969511032,fold_05_model.joblib,2,others,0.34437936544418335,0.09519448131322861,fold_06_model.joblib,2,others,0.5382894277572632,0.0553315170109272,fold_07_model.joblib,2,others,0.3176245093345642,0.10512002557516098,fold_08_model.joblib,2,others,0.5693874955177307,0.05265965312719345,fold_09_model.joblib,2,others,0.3498249650001526,0.16023704409599304,fold_10_model.joblib,0,antagonistic,0.32384875416755676,0.045294005423784256,2,others,0.232554642111063,0.26907130926847456,0.40733081102371216,0.09104322642087936,0.40733081102371216,0.09439522748884704,0.05101146656539252,10
sn38,CCC1=C2CN3C(=CC4=C(C3=O)COC(=O)[C@@]4(CC)O)C2=NC5=C1C=C(C=C5)O,Liquiritigenin,C1[C@H](OC2=C(C1=O)C=CC(=C2)O)C3=CC=C(C=C3)O,fold_01_model.joblib,2,others,0.6549780964851379,0.09007962793111801,fold_02_model.joblib,2,others,0.5637697577476501,0.049190860241651535,fold_03_model.joblib,2,others,0.4721315801143646,0.03890383988618851,fold_04_model.joblib,2,others,0.5456218719482422,0.06912679970264435,fold_05_model.joblib,2,others,0.42024973034858704,0.17502981424331665,fold_06_model.joblib,2,others,0.5385633707046509,0.09446191787719727,fold_07_model.joblib,2,others,0.4818113446235657,0.06013041362166405,fold_08_model.joblib,2,others,0.5820226669311523,0.02425296977162361,fold_09_model.joblib,2,others,0.5611630082130432,0.10048220306634903,fold_10_model.joblib,2,others,0.4985449016094208,0.054220784455537796,2,others,0.25462511628866197,0.13790132626891136,0.5318856328725815,0.07558792307972909,0.5318856328725815,0.06618549321830948,0.042804064874023516,10
sn38,CCC1=C2CN3C(=CC4=C(C3=O)COC(=O)[C@@]4(CC)O)C2=NC5=C1C=C(C=C5)O,Luteolin,C1=CC(=C(C=C1C2=CC(=O)C3=C(C=C(C=C3O2)O)O)O)O,fold_01_model.joblib,2,others,0.8594846725463867,0.00856021512299776,fold_02_model.joblib,2,others,0.8754069209098816,0.02306848019361496,fold_03_model.joblib,2,others,0.907591700553894,0.005171552766114473,fold_04_model.joblib,2,others,0.9385010004043579,0.004285422153770924,fold_05_model.joblib,2,others,0.9351223707199097,0.011524518020451069,fold_06_model.joblib,2,others,0.8893551826477051,0.017996419221162796,fold_07_model.joblib,2,others,0.8745321035385132,0.01865558885037899,fold_08_model.joblib,2,others,0.9376400709152222,0.0035229234490543604,fold_09_model.joblib,2,others,0.8946706056594849,0.017618747428059578,fold_10_model.joblib,2,others,0.8700243830680847,0.021662628278136253,2,others,0.039182187989354134,0.04937824700027704,0.898232901096344,0.013206649548374116,0.898232901096344,0.029989382688807575,0.007477397569628124,10
sn38,CCC1=C2CN3C(=CC4=C(C3=O)COC(=O)[C@@]4(CC)O)C2=NC5=C1C=C(C=C5)O,Morin,C1=CC(=C(C=C1O)O)C2=C(C(=O)C3=C(C=C(C=C3O2)O)O)O,fold_01_model.joblib,2,others,0.8018834590911865,0.010310807265341282,fold_02_model.joblib,2,others,0.8395552635192871,0.04246627539396286,fold_03_model.joblib,2,others,0.8697835803031921,0.006217041052877903,fold_04_model.joblib,2,others,0.8356691002845764,0.007999133318662643,fold_05_model.joblib,2,others,0.8332962989807129,0.018411114811897278,fold_06_model.joblib,2,others,0.8180283904075623,0.019504249095916748,fold_07_model.joblib,2,others,0.776749312877655,0.010641383938491344,fold_08_model.joblib,2,others,0.867242693901062,0.009168079122900963,fold_09_model.joblib,2,others,0.7708191871643066,0.017764246091246605,fold_10_model.joblib,2,others,0.7112395167350769,0.02415940724313259,2,others,0.06280349306762219,0.10810565203428268,0.8124266803264618,0.016664173733443022,0.8124266803264618,0.0487530730590607,0.010807976320449527,10
sn38,CCC1=C2CN3C(=CC4=C(C3=O)COC(=O)[C@@]4(CC)O)C2=NC5=C1C=C(C=C5)O,Myricitrin,C[C@H]1[C@@H]([C@H]([C@H]([C@@H](O1)OC2=C(OC3=CC(=CC(=C3C2=O)O)O)C4=CC(=C(C(=C4)O)O)O)O)O)O,fold_01_model.joblib,2,others,0.38249802589416504,0.1258637011051178,fold_02_model.joblib,2,others,0.5645195841789246,0.13831785321235657,fold_03_model.joblib,1,harmful,0.4016071557998657,0.2689415216445923,fold_04_model.joblib,1,harmful,0.3109745979309082,0.2811565697193146,fold_05_model.joblib,2,others,0.3554241359233856,0.3222684860229492,fold_06_model.joblib,2,others,0.4079030454158783,0.23916840553283691,fold_07_model.joblib,2,others,0.3297123908996582,0.27110743522644043,fold_08_model.joblib,2,others,0.43866297602653503,0.22457753121852875,fold_09_model.joblib,1,harmful,0.4021456241607666,0.2073943316936493,fold_10_model.joblib,2,others,0.3463113307952881,0.24813701212406158,2,others,0.14634158536791803,0.27874176800251005,0.34222337156534194,0.23269328474998474,0.34222337156534194,0.07173247740074441,0.06188484710693855,10
sn38,CCC1=C2CN3C(=CC4=C(C3=O)COC(=O)[C@@]4(CC)O)C2=NC5=C1C=C(C=C5)O,Naringin,C[C@H]1[C@@H]([C@H]([C@H]([C@@H](O1)O[C@@H]2[C@H]([C@@H]([C@H](O[C@H]2OC3=CC(=C4C(=O)C[C@H](OC4=C3)C5=CC=C(C=C5)O)O)CO)O)O)O)O)O,fold_01_model.joblib,0,antagonistic,0.307034969329834,0.27469944953918457,fold_02_model.joblib,2,others,0.5255969762802124,0.11716548353433609,fold_03_model.joblib,2,others,0.44137895107269287,0.11274169385433197,fold_04_model.joblib,0,antagonistic,0.40217161178588867,0.15283915400505066,fold_05_model.joblib,2,others,0.29990923404693604,0.267645925283432,fold_06_model.joblib,2,others,0.39088794589042664,0.14224809408187866,fold_07_model.joblib,3,synergistic,0.3039998710155487,0.3039998710155487,fold_08_model.joblib,2,others,0.3339034914970398,0.19194351136684418,fold_09_model.joblib,1,harmful,0.34559470415115356,0.21392977237701416,fold_10_model.joblib,1,harmful,0.3796946704387665,0.12131770700216293,2,others,0.21922927647829055,0.2760143533349037,0.31490331143140793,0.1898530662059784,0.31490331143140793,0.07142326547323063,0.07182323627920954,10
sn38,CCC1=C2CN3C(=CC4=C(C3=O)COC(=O)[C@@]4(CC)O)C2=NC5=C1C=C(C=C5)O,Nicotinic acid,C1=CC(=CN=C1)C(=O)O,fold_01_model.joblib,2,others,0.6259441375732422,0.03814733028411865,fold_02_model.joblib,2,others,0.5818185210227966,0.055527765303850174,fold_03_model.joblib,2,others,0.5344191193580627,0.050777532160282135,fold_04_model.joblib,2,others,0.6043760776519775,0.0750737115740776,fold_05_model.joblib,2,others,0.4840753674507141,0.19262094795703888,fold_06_model.joblib,2,others,0.5073297619819641,0.10006463527679443,fold_07_model.joblib,2,others,0.45595651865005493,0.10570616275072098,fold_08_model.joblib,2,others,0.6717057228088379,0.03088022582232952,fold_09_model.joblib,1,harmful,0.3642504811286926,0.15018092095851898,fold_10_model.joblib,2,others,0.3449181020259857,0.06252647936344147,2,others,0.16781898885965346,0.2310309812426567,0.5149994611740112,0.08615057114511729,0.5149994611740112,0.10841703419144921,0.051898163144270856,10
sn38,CCC1=C2CN3C(=CC4=C(C3=O)COC(=O)[C@@]4(CC)O)C2=NC5=C1C=C(C=C5)O,Paclitaxel,CC1=C2[C@H](C(=O)[C@@]3([C@H](C[C@@H]4[C@]([C@H]3[C@@H]([C@@](C2(C)C)(C[C@@H]1OC(=O)[C@@H]([C@H](C5=CC=CC=C5)NC(=O)C6=CC=CC=C6)O)O)OC(=O)C7=CC=CC=C7)(CO4)OC(=O)C)O)C)OC(=O)C,fold_01_model.joblib,2,others,0.5295327305793762,0.2021353393793106,fold_02_model.joblib,2,others,0.5764258503913879,0.170941561460495,fold_03_model.joblib,2,others,0.5386216640472412,0.10943180322647095,fold_04_model.joblib,2,others,0.4318181872367859,0.3300231695175171,fold_05_model.joblib,2,others,0.4843718707561493,0.2428586333990097,fold_06_model.joblib,2,others,0.598232090473175,0.25254806876182556,fold_07_model.joblib,2,others,0.4725084602832794,0.35547658801078796,fold_08_model.joblib,2,others,0.6664850115776062,0.08616283535957336,fold_09_model.joblib,1,harmful,0.3792925477027893,0.23675380647182465,fold_10_model.joblib,2,others,0.3960284888744354,0.274296373128891,2,others,0.04448550902307034,0.22515439093112946,0.5042972832918167,0.2260628178715706,0.5042972832918167,0.09193182167141914,0.08677281669796903,10
sn38,CCC1=C2CN3C(=CC4=C(C3=O)COC(=O)[C@@]4(CC)O)C2=NC5=C1C=C(C=C5)O,Procyanidin,C1C(C(OC2=CC(=CC(=C21)O)O)C3=CC(=C(C=C3)O)O)OC4(C(C(C5=C(C=C(C=C5O4)O)O)O)O)C6=CC(=C(C=C6)O)O,fold_01_model.joblib,1,harmful,0.5399443507194519,0.2201654016971588,fold_02_model.joblib,1,harmful,0.3684111535549164,0.14920035004615784,fold_03_model.joblib,1,harmful,0.6805261969566345,0.07627648115158081,fold_04_model.joblib,3,synergistic,0.3533700406551361,0.3533700406551361,fold_05_model.joblib,1,harmful,0.344740629196167,0.33738794922828674,fold_06_model.joblib,1,harmful,0.436842679977417,0.1724928766489029,fold_07_model.joblib,1,harmful,0.43530574440956116,0.3148345649242401,fold_08_model.joblib,1,harmful,0.4625965356826782,0.10541503131389618,fold_09_model.joblib,3,synergistic,0.3893378973007202,0.3893378973007202,fold_10_model.joblib,1,harmful,0.310592383146286,0.15906845033168793,1,harmful,0.16602680832147598,0.41369552463293074,0.19252276793122292,0.22775490432977677,0.41369552463293074,0.10994330708398366,0.11225140154912612,10
sn38,CCC1=C2CN3C(=CC4=C(C3=O)COC(=O)[C@@]4(CC)O)C2=NC5=C1C=C(C=C5)O,Protocatechualdehyde,C1=CC(=C(C=C1C=O)O)O,fold_01_model.joblib,2,others,0.5164685249328613,0.09403400123119354,fold_02_model.joblib,2,others,0.45323312282562256,0.08285737037658691,fold_03_model.joblib,2,others,0.438116192817688,0.06865265965461731,fold_04_model.joblib,2,others,0.3869953155517578,0.16737689077854156,fold_05_model.joblib,2,others,0.5077773928642273,0.17759668827056885,fold_06_model.joblib,2,others,0.4433421492576599,0.09686656296253204,fold_07_model.joblib,2,others,0.3689378798007965,0.06795196235179901,fold_08_model.joblib,2,others,0.5715622901916504,0.049707990139722824,fold_09_model.joblib,2,others,0.3793017268180847,0.1561511904001236,fold_10_model.joblib,2,others,0.3649612069129944,0.08214253187179565,2,others,0.18381353318691254,0.26878309398889544,0.4430695801973343,0.10433378480374814,0.4430695801973343,0.070726295463754,0.04561093914182189,10
sn38,CCC1=C2CN3C(=CC4=C(C3=O)COC(=O)[C@@]4(CC)O)C2=NC5=C1C=C(C=C5)O,Puerarin,C1=CC(=CC=C1C2=COC3=C(C2=O)C=CC(=C3[C@H]4[C@@H]([C@H]([C@@H]([C@H](O4)CO)O)O)O)O)O,fold_01_model.joblib,0,antagonistic,0.5217074155807495,0.08157256990671158,fold_02_model.joblib,0,antagonistic,0.6330198645591736,0.04129553958773613,fold_03_model.joblib,0,antagonistic,0.4500492215156555,0.07430801540613174,fold_04_model.joblib,0,antagonistic,0.5001099109649658,0.08928168565034866,fold_05_model.joblib,2,others,0.3581462800502777,0.1728370636701584,fold_06_model.joblib,2,others,0.5330103635787964,0.07809238135814667,fold_07_model.joblib,2,others,0.5734891295433044,0.10566865652799606,fold_08_model.joblib,2,others,0.409363329410553,0.09783827513456345,fold_09_model.joblib,0,antagonistic,0.3682236671447754,0.10552839189767838,fold_10_model.joblib,0,antagonistic,0.42848336696624756,0.09215829521417618,0,antagonistic,0.416013577580452,0.13876642398536204,0.35136191695928576,0.09385808743536472,0.416013577580452,0.09002013225924013,0.03349553379562963,10
sn38,CCC1=C2CN3C(=CC4=C(C3=O)COC(=O)[C@@]4(CC)O)C2=NC5=C1C=C(C=C5)O,Quercetin,C1=CC(=C(C=C1C2=C(C(=O)C3=C(C=C(C=C3O2)O)O)O)O)O,fold_01_model.joblib,2,others,0.8366791009902954,0.016648737713694572,fold_02_model.joblib,2,others,0.8556962609291077,0.04026796296238899,fold_03_model.joblib,2,others,0.8473333716392517,0.008649737574160099,fold_04_model.joblib,2,others,0.885258138179779,0.007756977342069149,fold_05_model.joblib,2,others,0.8262942433357239,0.03532162308692932,fold_06_model.joblib,2,others,0.8373349905014038,0.022688966244459152,fold_07_model.joblib,2,others,0.8135483264923096,0.01806613989174366,fold_08_model.joblib,2,others,0.9458069801330566,0.005960153415799141,fold_09_model.joblib,2,others,0.8505367040634155,0.020995939150452614,fold_10_model.joblib,2,others,0.7492241263389587,0.0235234834253788,2,others,0.05831528659909964,0.07692550048232079,0.8447712242603302,0.01998797208070755,0.8447712242603302,0.05008090351078696,0.011338168118421428,10
sn38,CCC1=C2CN3C(=CC4=C(C3=O)COC(=O)[C@@]4(CC)O)C2=NC5=C1C=C(C=C5)O,rb1,CC(=CCC[C@@](C)([C@H]1CC[C@@]2([C@@H]1[C@@H](C[C@H]3[C@]2(CC[C@@H]4[C@@]3(CC[C@@H](C4(C)C)O[C@H]5[C@@H]([C@H]([C@@H]([C@H](O5)CO)O)O)O[C@H]6[C@@H]([C@H]([C@@H]([C@H](O6)CO)O)O)O)C)C)O)C)O[C@H]7[C@@H]([C@H]([C@@H]([C@H](O7)CO[C@H]8[C@@H]([C@H]([C@@H]([C@H](O8)CO)O)O)O)O)O)O)C,fold_01_model.joblib,3,synergistic,0.34558039903640747,0.34558039903640747,fold_02_model.joblib,2,others,0.42363426089286804,0.26911893486976624,fold_03_model.joblib,3,synergistic,0.5830128192901611,0.5830128192901611,fold_04_model.joblib,3,synergistic,0.7610277533531189,0.7610277533531189,fold_05_model.joblib,3,synergistic,0.6405430436134338,0.6405430436134338,fold_06_model.joblib,3,synergistic,0.3681964874267578,0.3681964874267578,fold_07_model.joblib,2,others,0.4336546063423157,0.1970491260290146,fold_08_model.joblib,3,synergistic,0.4906511604785919,0.4906511604785919,fold_09_model.joblib,1,harmful,0.42351266741752625,0.37348687648773193,fold_10_model.joblib,3,synergistic,0.4072759747505188,0.4072759747505188,3,synergistic,0.029923108126968145,0.2655190095305443,0.2609636254608631,0.44359425753355025,0.44359425753355025,0.13302244184424453,0.17446950669795175,10
sn38,CCC1=C2CN3C(=CC4=C(C3=O)COC(=O)[C@@]4(CC)O)C2=NC5=C1C=C(C=C5)O,Resveratrol,C1=CC(=CC=C1/C=C/C2=CC(=CC(=C2)O)O)O,fold_01_model.joblib,2,others,0.4581197202205658,0.044130802154541016,fold_02_model.joblib,2,others,0.4338984489440918,0.026219818741083145,fold_03_model.joblib,2,others,0.5338608622550964,0.011184836737811565,fold_04_model.joblib,1,harmful,0.4726690649986267,0.02380048669874668,fold_05_model.joblib,2,others,0.6688783168792725,0.0427875779569149,fold_06_model.joblib,2,others,0.71885746717453,0.02935214340686798,fold_07_model.joblib,1,harmful,0.4404149353504181,0.03905795142054558,fold_08_model.joblib,2,others,0.5816119909286499,0.01154409907758236,fold_09_model.joblib,2,others,0.6573847532272339,0.008592387661337852,fold_10_model.joblib,1,harmful,0.4559343755245209,0.01543151680380106,2,others,0.10974478721618652,0.33811026960611346,0.5269347786903381,0.025210162065923213,0.5269347786903381,0.10727992682042005,0.013474764062803271,10
sn38,CCC1=C2CN3C(=CC4=C(C3=O)COC(=O)[C@@]4(CC)O)C2=NC5=C1C=C(C=C5)O,Retinoic acid,CC1=C(C(CCC1)(C)C)/C=C/C(=C/C=C/C(=C/C(=O)O)/C)/C,fold_01_model.joblib,2,others,0.4811539947986603,0.06488341093063354,fold_02_model.joblib,2,others,0.5009914636611938,0.06721004098653793,fold_03_model.joblib,2,others,0.5397782325744629,0.006730713881552219,fold_04_model.joblib,2,others,0.45112234354019165,0.03689650073647499,fold_05_model.joblib,2,others,0.5897402763366699,0.044675227254629135,fold_06_model.joblib,2,others,0.6023468971252441,0.01692012883722782,fold_07_model.joblib,2,others,0.5236695408821106,0.032704908400774,fold_08_model.joblib,2,others,0.5949241518974304,0.013289512135088444,fold_09_model.joblib,2,others,0.579056441783905,0.05105464160442352,fold_10_model.joblib,2,others,0.44470852613449097,0.03457712009549141,2,others,0.15705615729093553,0.27530043125152587,0.530749186873436,0.036894220486283304,0.530749186873436,0.059887373426320833,0.020689257454909397,10
sn38,CCC1=C2CN3C(=CC4=C(C3=O)COC(=O)[C@@]4(CC)O)C2=NC5=C1C=C(C=C5)O,Rg3,CC(=CCC[C@@](C)([C@H]1CC[C@@]2([C@@H]1[C@@H](C[C@H]3[C@]2(CC[C@@H]4[C@@]3(CC[C@@H](C4(C)C)O[C@H]5[C@@H]([C@H]([C@@H]([C@H](O5)CO)O)O)O[C@H]6[C@@H]([C@H]([C@@H]([C@H](O6)CO)O)O)O)C)C)O)C)O)C,fold_01_model.joblib,3,synergistic,0.4514104723930359,0.4514104723930359,fold_02_model.joblib,2,others,0.47641685605049133,0.30106911063194275,fold_03_model.joblib,3,synergistic,0.5970572233200073,0.5970572233200073,fold_04_model.joblib,3,synergistic,0.5408486127853394,0.5408486127853394,fold_05_model.joblib,3,synergistic,0.5108552575111389,0.5108552575111389,fold_06_model.joblib,3,synergistic,0.5037126541137695,0.5037126541137695,fold_07_model.joblib,2,others,0.4739252030849457,0.23249571025371552,fold_08_model.joblib,3,synergistic,0.6111151576042175,0.6111151576042175,fold_09_model.joblib,1,harmful,0.5255746245384216,0.26886749267578125,fold_10_model.joblib,3,synergistic,0.4699014723300934,0.4699014723300934,3,synergistic,0.05024641938507557,0.2621613696217537,0.23885888904333114,0.44873331636190417,0.44873331636190417,0.05389049515152723,0.13544384945577037,10
sn38,CCC1=C2CN3C(=CC4=C(C3=O)COC(=O)[C@@]4(CC)O)C2=NC5=C1C=C(C=C5)O,Rhein,C1=CC2=C(C(=C1)O)C(=O)C3=C(C2=O)C=C(C=C3O)C(=O)O,fold_01_model.joblib,2,others,0.7866467833518982,0.07407663017511368,fold_02_model.joblib,2,others,0.7722005844116211,0.024595143273472786,fold_03_model.joblib,2,others,0.7813055515289307,0.008935630321502686,fold_04_model.joblib,2,others,0.7218974232673645,0.034429360181093216,fold_05_model.joblib,2,others,0.6952978372573853,0.06465195119380951,fold_06_model.joblib,2,others,0.7405690550804138,0.02970157004892826,fold_07_model.joblib,2,others,0.7155949473381042,0.02189268171787262,fold_08_model.joblib,2,others,0.815320611000061,0.019179707393050194,fold_09_model.joblib,2,others,0.7545970678329468,0.046293456107378006,fold_10_model.joblib,2,others,0.6491863131523132,0.0309533029794693,2,others,0.15306896716356277,0.06819847449660302,0.7432616174221038,0.035470943339169024,0.7432616174221038,0.04929263946124974,0.02051020374102608,10
sn38,CCC1=C2CN3C(=CC4=C(C3=O)COC(=O)[C@@]4(CC)O)C2=NC5=C1C=C(C=C5)O,Riboflavin,CC1=CC2=C(C=C1C)N(C3=NC(=O)NC(=O)C3=N2)C[C@@H]([C@@H]([C@@H](CO)O)O)O,fold_01_model.joblib,2,others,0.529330313205719,0.21733780205249786,fold_02_model.joblib,2,others,0.4102717936038971,0.264183908700943,fold_03_model.joblib,2,others,0.5353679656982422,0.17857423424720764,fold_04_model.joblib,2,others,0.4972574710845947,0.2495598942041397,fold_05_model.joblib,2,others,0.7826411128044128,0.06471442431211472,fold_06_model.joblib,2,others,0.7259295582771301,0.12075812369585037,fold_07_model.joblib,2,others,0.586281418800354,0.23188529908657074,fold_08_model.joblib,2,others,0.682607889175415,0.1154693141579628,fold_09_model.joblib,2,others,0.5370469093322754,0.2028609812259674,fold_10_model.joblib,2,others,0.6702104806900024,0.11980143189430237,2,others,0.0572765801101923,0.1705143928527832,0.5956944912672043,0.17651454135775566,0.5956944912672043,0.11578708705930657,0.06749758763372003,10
sn38,CCC1=C2CN3C(=CC4=C(C3=O)COC(=O)[C@@]4(CC)O)C2=NC5=C1C=C(C=C5)O,Rosmarinic Acid,C1=CC(=C(C=C1C[C@H](C(=O)O)OC(=O)/C=C/C2=CC(=C(C=C2)O)O)O)O,fold_01_model.joblib,2,others,0.44365063309669495,0.18828819692134857,fold_02_model.joblib,2,others,0.539843738079071,0.14858858287334442,fold_03_model.joblib,1,harmful,0.5748040676116943,0.05036593973636627,fold_04_model.joblib,2,others,0.45725563168525696,0.21102634072303772,fold_05_model.joblib,2,others,0.3580690026283264,0.1727564036846161,fold_06_model.joblib,2,others,0.36203864216804504,0.2532581090927124,fold_07_model.joblib,1,harmful,0.477236270904541,0.15612371265888214,fold_08_model.joblib,2,others,0.4279025197029114,0.07760703563690186,fold_09_model.joblib,1,harmful,0.3940562903881073,0.15945705771446228,fold_10_model.joblib,2,others,0.40278178453445435,0.15642793476581573,2,others,0.09533345662057399,0.35449869781732557,0.39277790784835814,0.15738993138074875,0.39277790784835814,0.07159290538232518,0.058842646972305755,10
sn38,CCC1=C2CN3C(=CC4=C(C3=O)COC(=O)[C@@]4(CC)O)C2=NC5=C1C=C(C=C5)O,Rutin,C[C@H]1[C@@H]([C@H]([C@H]([C@@H](O1)OC[C@@H]2[C@H]([C@@H]([C@H]([C@@H](O2)OC3=C(OC4=CC(=CC(=C4C3=O)O)O)C5=CC(=C(C=C5)O)O)O)O)O)O)O)O,fold_01_model.joblib,2,others,0.46424585580825806,0.10258869081735611,fold_02_model.joblib,2,others,0.5141584873199463,0.16550859808921814,fold_03_model.joblib,1,harmful,0.41547611355781555,0.13169370591640472,fold_04_model.joblib,1,harmful,0.29310792684555054,0.22956714034080505,fold_05_model.joblib,3,synergistic,0.3145742118358612,0.3145742118358612,fold_06_model.joblib,1,harmful,0.3438735604286194,0.20195011794567108,fold_07_model.joblib,1,harmful,0.43306753039360046,0.15930569171905518,fold_08_model.joblib,2,others,0.36933913826942444,0.23829081654548645,fold_09_model.joblib,2,others,0.3492947518825531,0.26389017701148987,fold_10_model.joblib,2,others,0.4047829508781433,0.1760081797838211,2,others,0.11085200160741807,0.3281232312321663,0.36268703937530516,0.19833773300051688,0.36268703937530516,0.06907190185138926,0.06420607684798131,10
sn38,CCC1=C2CN3C(=CC4=C(C3=O)COC(=O)[C@@]4(CC)O)C2=NC5=C1C=C(C=C5)O,Salicin,C1=CC=C(C(=C1)CO)O[C@H]2[C@@H]([C@H]([C@@H]([C@H](O2)CO)O)O)O,fold_01_model.joblib,0,antagonistic,0.4064590334892273,0.22228176891803741,fold_02_model.joblib,0,antagonistic,0.4311034381389618,0.2702217698097229,fold_03_model.joblib,0,antagonistic,0.5150972008705139,0.11984232068061829,fold_04_model.joblib,0,antagonistic,0.418790727853775,0.3405669629573822,fold_05_model.joblib,0,antagonistic,0.3164375126361847,0.3111802935600281,fold_06_model.joblib,0,antagonistic,0.3441786766052246,0.25524014234542847,fold_07_model.joblib,0,antagonistic,0.47622033953666687,0.1276157796382904,fold_08_model.joblib,0,antagonistic,0.5849431753158569,0.179713174700737,fold_09_model.joblib,3,synergistic,0.3845623731613159,0.3845623731613159,fold_10_model.joblib,0,antagonistic,0.3980695605278015,0.24364587664604187,0,antagonistic,0.4120087459683418,0.20334817320108414,0.13915602155029774,0.24548704624176027,0.4120087459683418,0.07982890612963536,0.08689264054499025,10
sn38,CCC1=C2CN3C(=CC4=C(C3=O)COC(=O)[C@@]4(CC)O)C2=NC5=C1C=C(C=C5)O,Salicylic acid,C1=CC=C(C(=C1)C(=O)O)O,fold_01_model.joblib,2,others,0.33783650398254395,0.05812368541955948,fold_02_model.joblib,0,antagonistic,0.38522303104400635,0.06978105753660202,fold_03_model.joblib,2,others,0.38518449664115906,0.06398478150367737,fold_04_model.joblib,0,antagonistic,0.36166912317276,0.12251332402229309,fold_05_model.joblib,2,others,0.33396512269973755,0.11917168647050858,fold_06_model.joblib,2,others,0.3375628590583801,0.12008434534072876,fold_07_model.joblib,0,antagonistic,0.3496848940849304,0.08822505921125412,fold_08_model.joblib,2,others,0.3920409679412842,0.03824808448553085,fold_09_model.joblib,1,harmful,0.4093734323978424,0.08552596718072891,fold_10_model.joblib,1,harmful,0.3886275589466095,0.07412879914045334,0,antagonistic,0.31311370730400084,0.29071927815675735,0.3121883273124695,0.08397867903113365,0.31311370730400084,0.027238005634989473,0.02887834275520616,10
sn38,CCC1=C2CN3C(=CC4=C(C3=O)COC(=O)[C@@]4(CC)O)C2=NC5=C1C=C(C=C5)O,Shikonin,CC(=CC[C@H](C1=CC(=O)C2=C(C=CC(=C2C1=O)O)O)O)C,fold_01_model.joblib,2,others,0.3858647346496582,0.12577377259731293,fold_02_model.joblib,2,others,0.37470999360084534,0.07865381240844727,fold_03_model.joblib,2,others,0.39179468154907227,0.05032409727573395,fold_04_model.joblib,2,others,0.40308141708374023,0.11212234199047089,fold_05_model.joblib,2,others,0.4093295931816101,0.1067635640501976,fold_06_model.joblib,2,others,0.3873252868652344,0.18682551383972168,fold_07_model.joblib,0,antagonistic,0.4050160348415375,0.10190325230360031,fold_08_model.joblib,2,others,0.6399763226509094,0.04231933876872063,fold_09_model.joblib,1,harmful,0.32975003123283386,0.15562574565410614,fold_10_model.joblib,0,antagonistic,0.33718374371528625,0.08477648347616196,2,others,0.2599932998418808,0.2561625212430954,0.3793353885412216,0.10450879223644734,0.3793353885412216,0.08644113652460049,0.04443769324397481,10
sn38,CCC1=C2CN3C(=CC4=C(C3=O)COC(=O)[C@@]4(CC)O)C2=NC5=C1C=C(C=C5)O,Sophoricoside,C1=CC(=CC=C1C2=COC3=CC(=CC(=C3C2=O)O)O)O[C@H]4[C@@H]([C@H]([C@@H]([C@H](O4)CO)O)O)O,fold_01_model.joblib,0,antagonistic,0.33569931983947754,0.1365465223789215,fold_02_model.joblib,2,others,0.5005033612251282,0.11964110285043716,fold_03_model.joblib,2,others,0.5092125535011292,0.07607338577508926,fold_04_model.joblib,2,others,0.3066098093986511,0.16099664568901062,fold_05_model.joblib,2,others,0.37721577286720276,0.1654869019985199,fold_06_model.joblib,2,others,0.3396834433078766,0.24671120941638947,fold_07_model.joblib,2,others,0.5333492159843445,0.13919858634471893,fold_08_model.joblib,2,others,0.536514401435852,0.11707035452127457,fold_09_model.joblib,2,others,0.48171210289001465,0.09203652292490005,fold_10_model.joblib,2,others,0.3556891083717346,0.18865598738193512,2,others,0.24874231219291687,0.18019187226891517,0.426824101805687,0.14424172192811965,0.426824101805687,0.09217874992939239,0.049447093863130925,10
sn38,CCC1=C2CN3C(=CC4=C(C3=O)COC(=O)[C@@]4(CC)O)C2=NC5=C1C=C(C=C5)O,Sucrose,C([C@@H]1[C@H]([C@@H]([C@H]([C@H](O1)O[C@]2([C@H]([C@@H]([C@H](O2)CO)O)O)CO)O)O)O)O,fold_01_model.joblib,1,harmful,0.3425919711589813,0.31406497955322266,fold_02_model.joblib,0,antagonistic,0.38464295864105225,0.182613804936409,fold_03_model.joblib,0,antagonistic,0.4931282103061676,0.1463901251554489,fold_04_model.joblib,0,antagonistic,0.3247767984867096,0.31649890542030334,fold_05_model.joblib,0,antagonistic,0.2792247235774994,0.22503170371055603,fold_06_model.joblib,3,synergistic,0.34154820442199707,0.34154820442199707,fold_07_model.joblib,1,harmful,0.3861250579357147,0.11822742968797684,fold_08_model.joblib,1,harmful,0.3494877517223358,0.17086735367774963,fold_09_model.joblib,1,harmful,0.4506591856479645,0.15051041543483734,fold_10_model.joblib,1,harmful,0.5089719295501709,0.12295801937580109,1,harmful,0.26978924572467805,0.32469366043806075,0.1966460034251213,0.20887109413743019,0.32469366043806075,0.07536849179888228,0.08534555923755595,10
sn38,CCC1=C2CN3C(=CC4=C(C3=O)COC(=O)[C@@]4(CC)O)C2=NC5=C1C=C(C=C5)O,Syringic acid,COC1=CC(=CC(=C1O)OC)C(=O)O,fold_01_model.joblib,2,others,0.5114823579788208,0.08531126379966736,fold_02_model.joblib,2,others,0.5015662908554077,0.10608222335577011,fold_03_model.joblib,2,others,0.514102578163147,0.032807569950819016,fold_04_model.joblib,2,others,0.4625582695007324,0.1449243575334549,fold_05_model.joblib,2,others,0.520536482334137,0.1017758920788765,fold_06_model.joblib,2,others,0.5462435483932495,0.07340678572654724,fold_07_model.joblib,2,others,0.4523705840110779,0.1669750213623047,fold_08_model.joblib,2,others,0.6497625112533569,0.05454999953508377,fold_09_model.joblib,2,others,0.5872521996498108,0.09044787287712097,fold_10_model.joblib,2,others,0.3292943239212036,0.12213988602161407,2,others,0.19595816656947135,0.19868283346295357,0.5075169146060944,0.09784208722412586,0.5075169146060944,0.08510188779844885,0.04025244457003097,10
sn38,CCC1=C2CN3C(=CC4=C(C3=O)COC(=O)[C@@]4(CC)O)C2=NC5=C1C=C(C=C5)O,Tannins,C1=C(C=C(C(=C1O)O)O)C(=O)OC2=CC(=CC(=C2O)O)C(=O)OC[C@@H]3[C@H]([C@@H]([C@H]([C@@H](O3)OC(=O)C4=CC(=C(C(=C4)OC(=O)C5=CC(=C(C(=C5)O)O)O)O)O)OC(=O)C6=CC(=C(C(=C6)OC(=O)C7=CC(=C(C(=C7)O)O)O)O)O)OC(=O)C8=CC(=C(C(=C8)OC(=O)C9=CC(=C(C(=C9)O)O)O)O)O)OC(=O)C1=CC(=C(C(=C1)OC(=O)C1=CC(=C(C(=C1)O)O)O)O)O,fold_01_model.joblib,3,synergistic,0.5426746606826782,0.5426746606826782,fold_02_model.joblib,3,synergistic,0.46801337599754333,0.46801337599754333,fold_03_model.joblib,2,others,0.6395710110664368,0.04732116684317589,fold_04_model.joblib,2,others,0.38152429461479187,0.17890958487987518,fold_05_model.joblib,2,others,0.6183304786682129,0.18606267869472504,fold_06_model.joblib,3,synergistic,0.38314348459243774,0.38314348459243774,fold_07_model.joblib,2,others,0.4516848921775818,0.10023607313632965,fold_08_model.joblib,2,others,0.715810239315033,0.05229515954852104,fold_09_model.joblib,1,harmful,0.46283429861068726,0.3249742388725281,fold_10_model.joblib,2,others,0.4317956566810608,0.1014450341463089,2,others,0.10181511184200645,0.21818276718258858,0.4414945676922798,0.2385075457394123,0.4414945676922798,0.11452807943782242,0.17920236892314478,10
sn38,CCC1=C2CN3C(=CC4=C(C3=O)COC(=O)[C@@]4(CC)O)C2=NC5=C1C=C(C=C5)O,Taurine,C(CS(=O)(=O)O)N,fold_01_model.joblib,1,harmful,0.7380591630935669,0.029574794694781303,fold_02_model.joblib,1,harmful,0.44900697469711304,0.15074388682842255,fold_03_model.joblib,1,harmful,0.5113281607627869,0.045915938913822174,fold_04_model.joblib,1,harmful,0.7303281426429749,0.08090072870254517,fold_05_model.joblib,1,harmful,0.518310010433197,0.16702799499034882,fold_06_model.joblib,1,harmful,0.5514706969261169,0.11243992298841476,fold_07_model.joblib,1,harmful,0.6967120170593262,0.02791854366660118,fold_08_model.joblib,1,harmful,0.658842921257019,0.04732237383723259,fold_09_model.joblib,1,harmful,0.6076328158378601,0.0920424684882164,fold_10_model.joblib,1,harmful,0.6011126041412354,0.06321170181035995,1,harmful,0.08794070184230804,0.6062803506851197,0.22406910732388496,0.08170983549207449,0.6062803506851197,0.09900419016890448,0.0488922760046776,10
sn38,CCC1=C2CN3C(=CC4=C(C3=O)COC(=O)[C@@]4(CC)O)C2=NC5=C1C=C(C=C5)O,Tetrandrine,CN1CCC2=CC(=C3C=C2[C@@H]1CC4=CC=C(C=C4)OC5=C(C=CC(=C5)C[C@H]6C7=C(O3)C(=C(C=C7CCN6C)OC)OC)OC)OC,fold_01_model.joblib,1,harmful,0.43914806842803955,0.14128351211547852,fold_02_model.joblib,1,harmful,0.34841471910476685,0.29064810276031494,fold_03_model.joblib,1,harmful,0.5058017373085022,0.15497170388698578,fold_04_model.joblib,1,harmful,0.384767085313797,0.21676447987556458,fold_05_model.joblib,1,harmful,0.3580113649368286,0.26189547777175903,fold_06_model.joblib,1,harmful,0.36564502120018005,0.21433115005493164,fold_07_model.joblib,1,harmful,0.4094201624393463,0.10194817930459976,fold_08_model.joblib,1,harmful,0.37610265612602234,0.18606305122375488,fold_09_model.joblib,1,harmful,0.441184401512146,0.2265455573797226,fold_10_model.joblib,3,synergistic,0.31919679045677185,0.31919679045677185,1,harmful,0.11780075281858444,0.3946667343378067,0.276167719066143,0.21136480048298836,0.3946667343378067,0.05494896147725092,0.06785530717380063,10
sn38,CCC1=C2CN3C(=CC4=C(C3=O)COC(=O)[C@@]4(CC)O)C2=NC5=C1C=C(C=C5)O,Ursolic Acid,C[C@@H]1CC[C@@]2(CC[C@@]3(C(=CC[C@H]4[C@]3(CC[C@@H]5[C@@]4(CC[C@@H](C5(C)C)O)C)C)[C@@H]2[C@H]1C)C)C(=O)O,fold_01_model.joblib,2,others,0.34251222014427185,0.2671084403991699,fold_02_model.joblib,3,synergistic,0.4465113580226898,0.4465113580226898,fold_03_model.joblib,2,others,0.5204893350601196,0.09408192336559296,fold_04_model.joblib,3,synergistic,0.49281933903694153,0.49281933903694153,fold_05_model.joblib,2,others,0.502652108669281,0.3333882689476013,fold_06_model.joblib,3,synergistic,0.4904303550720215,0.4904303550720215,fold_07_model.joblib,3,synergistic,0.45020607113838196,0.45020607113838196,fold_08_model.joblib,3,synergistic,0.39369717240333557,0.39369717240333557,fold_09_model.joblib,3,synergistic,0.44834795594215393,0.44834795594215393,fold_10_model.joblib,2,others,0.3023543953895569,0.1907453089952469,3,synergistic,0.12478874623775482,0.17922770082950593,0.33524994403123853,0.3607336193323135,0.3607336193323135,0.0719083871028769,0.13658797874557,10
sn38,CCC1=C2CN3C(=CC4=C(C3=O)COC(=O)[C@@]4(CC)O)C2=NC5=C1C=C(C=C5)O,Zingerone,CC(=O)CCC1=CC(=C(C=C1)O)OC,fold_01_model.joblib,2,others,0.4653816819190979,0.02117129974067211,fold_02_model.joblib,2,others,0.4280189573764801,0.12331109493970871,fold_03_model.joblib,2,others,0.4768027365207672,0.06017979234457016,fold_04_model.joblib,2,others,0.5261141061782837,0.04582163318991661,fold_05_model.joblib,2,others,0.5241404175758362,0.04276914894580841,fold_06_model.joblib,2,others,0.4152238965034485,0.0565682053565979,fold_07_model.joblib,1,harmful,0.5187111496925354,0.018238894641399384,fold_08_model.joblib,2,others,0.5646241903305054,0.028230953961610794,fold_09_model.joblib,2,others,0.5805177688598633,0.018939394503831863,fold_10_model.joblib,2,others,0.39288434386253357,0.01790817268192768,2,others,0.1562427781522274,0.33258065283298494,0.46786271035671234,0.04331385903060436,0.46786271035671234,0.06385348828136851,0.0324077922945334,10
